Post ID,Platform,Author,Original Content,Summary,Category,Sentiment,Likes,Comments,Region,Date
"reddit_1to1bwp","reddit","u/hrmaster","What's the legal difference between (e-)visas and esta/eta etc.?

If you travel without a visa, some countries still require you to apply for some kind of ""travel authorization"" (ESTA/ETA etc.)?

Aren't these just visas with a different name, since you cannot enter the country without it?","What's the legal difference between (e-)visas and esta/eta etc.? If you travel without a visa, some countries still require you to apply for some kind of ""travel authorization"" (ESTA/ETA etc.)?","Visa","neutral","1","1","Global","2026-05-26T09:04:39"
"reddit_1tnywqq","reddit","u/New_Nothing6316","Seattle Passport Agency - Same Day Issue (Military)

Just sharing my experience 😁

Travel Date: 24 May 26  
Appointment: 22 May 26  
Countries Visited: Canada, Japan

I set my appointment at 0800 on 22 May 26. To maximize same-day issuing, I prefer the earliest appointment (before 11am) with the CORRECT documents. Here are the documents I had for my appointment:

• Itinerary (IMPORTANT ‼️ shows proof + urgency)  
• Online Appointment Confirmation (agents love it)  
• DS-82 (Passport Renewal Application) - populate form on travel.state.gov or Adobe. FRONT ONLY PRINTING ‼️  
• Passport Photo (paper clipped to square on DS-82 or other forms)  
• Old passport (for renewal/proof)  
• Orders (optional if military)

Be sure to gather, populate and/or print the documents YOU NEED ‼️

So, I am military but my passport expired in April and I only had a month to renew it.

Military personnel can travel under the SOFA agreement to Japan, meaning no passport is required, but Japanese airports don’t always recognize this, and it can be difficult.  
Also, I had a layover in Vancouver which does not recognize SOFA anyway.

Personally, I think everyone should get their passport to avoid troubles, delays, and long (and complicated) explanations at airports.

THIS IS WHERE THE AGENCY COMES IN ‼️

Having the correct forms, arriving on time with a set appointment, and communicating any issues will easily get your passport on time. All my documents were in a blue folder (military habit lol) and I barely had to say a word to agents. Respect their time and yours as well.

There were printouts of applications on-site too, I prefer you fill it out and bring it to the appointment however you can to save time and reduce errors.

Since I only had two days, I got my passport on the spot. A few days or weeks out may prompt the agency to choose to mail your passport.

Agencies may seem too good to be true, but they’re official United States Department of State-issued passports that are valid.","Seattle Passport Agency - Same Day Issue (Military) Just sharing my experience 😁 Travel Date: 24 May 26 Appointment: 22 May 26 Countries Visited: Canada, Japan I set my appointment...","Renewal","negative","3","0","Washington, United States","2026-05-26T06:48:34"
"reddit_1tnxzao","reddit","u/Ok-Whereas-9433","Why Bihar?

I had a passport appointment at the Passport Seva Kendra in Bhagalpur today at 10:00 AM. It’s been over an hour and the process is still crawling because of the absolute babu culture and zero professionalism here.  
According to the official rules, a printed appointment letter is *not mandatory* if you can show the SMS/online confirmation. But the staff here are forcing people to bring printouts anyway. And even after that, they keep nitpicking about xerox quality, document alignment, etc. instead of actually doing their job efficiently.  
What’s more frustrating is the attitude — people working there are unbelievably relaxed while hundreds wait outside. No proper guidance, no accountability, and no respect for appointment timings.  
Worst part? There seems to be no effective way to complain. The so-called 24/7 helpline either doesn’t connect or nobody picks up.  
Honestly, experiences like this make people lose trust in public services. Anyone else faced this at Passport Seva Kendraor other centers in Bihar? Any actual way to escalate complaints that works?","Why Bihar? I had a passport appointment at the Passport Seva Kendra in Bhagalpur today at 10:00 AM. It’s been over an hour and the process is still crawling because...","Appointments","negative","0","0","Global","2026-05-26T05:59:02"
"reddit_1tnw1u6","reddit","u/Ok-Science1050","Passport application

if my passport application gave me 6 months to complete requirements and i submit it for like weeks late will they still accept it?","Passport application

if my passport application gave me 6 months to complete requirements and i submit it for like weeks late will they still accept it?","Application","neutral","0","1","Global","2026-05-26T04:21:47"
"reddit_1tntzi1","reddit","u/yukarij","Do I need to replace my passport?

My passport is renewed recently but I just found out there's a tear on the first page like this. I don't really want to replace it since the procedure is complicated in my country, and I have few visas linked to this passport.","Do I need to replace my passport? My passport is renewed recently but I just found out there's a tear on the first page like this.","Personal Experiences","neutral","0","9","Global","2026-05-26T02:46:59"
"reddit_1tntx2a","reddit","u/United_Cantaloupe658","My brother applied for a Normal Passport, and it is currently stuck in Jiribam, Manipur for police verification. We applied back in March, and it has now been almost 3 months. How can I escalate this issue? Any recommendations or guidance would be greatly appreciated.

Does anyone have any suggestions?","My brother applied for a Normal Passport, and it is currently stuck in Jiribam, Manipur for police verification. We applied back in March, and it has now been almost 3 months.","Application","negative","1","0","Global","2026-05-26T02:43:53"
"reddit_1tnrqhm","reddit","u/Agitated_Confusion87","Sent to secondary screening as a citizen.

&amp;